other-empty	Main_Page	external	121508231
The_Operated_Jew	Self-hating_Jew	link	18
other-internal	Main_Page	external	7643072
The_Operated_Jew	Talmud	link	18
other-empty	Hyphen-minus	external	5959332
The_Operation_M.D.	Ian_D'Sa	link	18
other-search	2024_United_States_presidential_election	external	5955705
The_Operative:_No_One_Lives_Forever	Half-Life_(video_game)	link	18
other-search	2020_United_States_presidential_election	external	4755179
The_Ophidian_Trek	Meshuggah	link	18
other-search	Donald_Trump	external	4495985
The_Opposite	Andy_Ackerman	link	18
other-search	Pete_Hegseth	external	4144051
The_Oprah_Winfrey_Show	Dangerous_(Michael_Jackson_album)	link	18
other-search	Mike_Tyson	external	3876057
The_Oprah_Winfrey_Show	Iyanla_Vanzant	link	18
other-search	Jake_Paul_vs._Mike_Tyson	external	3556161
The_Oracle,_Reading	Megalovania	link	18
other-search	Jake_Paul	external	3472691
The_Oracle_(Godsmack_album)	Saints_and_Sinners_(song)	link	18
other-search	Matt_Gaetz	external	3270784
The_Oral_Cigarettes	Nara_Prefecture	link	18
other-empty	Cleopatra	external	3212757
The_Orange_Book	Classical_liberalism	link	18
other-search	Elon_Musk	external	3118582
The_Orange_Box	Alyx_Vance	link	18
other-search	Kamala_Harris	external	2847014
The_Orange_Box	Puzzle_video_game	link	18
other-search	Wicked_(musical)	external	2804894
The_Orb	A_Huge_Ever_Growing_Pulsating_Brain_That_Rules_from_the_Centre_of_the_Ultraworld	link	18
other-search	Bhool_Bhulaiyaa_3	external	2664251
The_Orb's_Adventures_Beyond_the_Ultraworld	Youth_(musician)	link	18
other-external	Hyphen-minus	external	2597002
The_Orchestral_Tubular_Bells	David_Bedford	link	18
other-search	Tulsi_Gabbard	external	2584311
The_Order:_1886	Ryse:_Son_of_Rome	link	18
other-search	Singham_Again	external	2511306
The_Order_(2001_film)	Alon_Abutbul	link	18
other-search	Wicked_(2024_film)	external	2461560
The_Order_(white_supremacist_group)	Federal_Correctional_Complex,_Butner	link	18
2020_United_States_presidential_election	2024_United_States_presidential_election	link	2441813
The_Order_of_Things	Jean-Paul_Sartre	link	18
other-search	Susie_Wiles	external	2426318
The_Order_of_Things_(album)	All_That_Remains_(band)	link	18
other-search	Gladiator_II	external	2337026
The_Order_of_Time_(film)	Alessandro_Gassmann	link	18
other-search	Robert_F._Kennedy_Jr.	external	2327585
The_Order_of_Time_(film)	The_Order_of_Time_(book)	link	18
other-search	Project_2025	external	2132849
The_Oregon_Duck	Beanie_(seamed_cap)	link	18
other-search	4B_movement	external	2129094
The_Oregon_Duck	The_Walt_Disney_Company	link	18
other-empty	2024_United_States_presidential_election	external	2123756
The_Oregon_Trail_(1959_film)	Henry_Hull	link	18
other-search	Pam_Bondi	external	2069604
The_Oregon_Trail_(2009_video_game)	The_Oregon_Trail_(1985_video_game)	link	18
other-search	Amaran_(2024_film)	external	2001283
The_Oregon_Trail_5th_Edition	The_Oregon_Trail_(2009_video_game)	link	18
other-search	2016_United_States_presidential_election	external	1959852
The_Organist_Entertains	Nigel_Ogden	link	18
other-empty	Apple_Network_Server	external	1902302
The_Oriental_Insurance_Company	National_Insurance_Company	link	18
other-search	JD_Vance	external	1824216
The_Oriental_Land_Company	The_Walt_Disney_Company	link	18
2024_United_States_presidential_election	2020_United_States_presidential_election	link	1770333
The_Origin_of_Consciousness_in_the_Breakdown_of_the_Bicameral_Mind	Westworld_(TV_series)	link	18
other-search	Murder_of_Laken_Riley	external	1752764
The_Origin_of_the_Brunists	The_Brunist_Day_of_Wrath	link	18
other-empty	Deaths_in_2024	external	1747668
The_Original_Kings_of_Comedy_(soundtrack)	The_Original_Kings_of_Comedy	link	18
other-search	Kanguva	external	1675692
The_Original_Pancake_House	Waffle_House	link	18
other-search	Cynthia_Erivo	external	1655309
The_Origins_of_Totalitarianism	Ernst_Bloch	link	18
other-search	Main_Page	external	1573010
The_Orioles	Crying_in_the_Chapel	link	18
other-search	2024_United_States_elections	external	1554505
The_Orleans	Las_Vegas_Wranglers	link	18
other-search	List_of_presidents_of_the_United_States	external	1551075
The_Orphan_of_Zhao	Sacrifice_(2010_film)	link	18
other-search	Quincy_Jones	external	1546615
The_Orville	Ted_(TV_series)	link	18
other-search	.xxx	external	1541074
The_Orville_season_2	Tim_Russ	link	18
other-empty	Ansel_Adams	external	1504953
The_Osmonds	Main_Page	other	18
2016_United_States_presidential_election	2020_United_States_presidential_election	link	1459491
The_Osmonds	Side_by_Side_(1982_film)	link	18
2020_United_States_presidential_election	2016_United_States_presidential_election	link	1444541
The_Other_48_Days	Peace_Corps	link	18
other-empty	Gladiator_II	external	1423725
The_Other_Boleyn_Girl_(2003_film)	William_Stafford_(courtier)	link	18
other-search	2024_Maharashtra_Legislative_Assembly_election	external	1421697
The_Other_Boleyn_Girl_(2008_film)	Alison_Owen	link	18
other-empty	The_Holocaust	external	1412491
The_Other_Boleyn_Girl_(2008_film)	Anne_of_the_Thousand_Days	link	18
other-search	Ariana_Grande	external	1401869
The_Other_Boleyn_Girl_(2008_film)	English_people	link	18
other-search	XXX_(2002_film)	external	1369445
The_Other_Club	Aristotle_Onassis	link	18
other-search	Jon_Jones	external	1338388
The_Other_Club	Winston_Churchill_(1940–2010)	link	18
other-search	Mukund_Varadarajan	external	1325703
The_Other_Dream_Team	1992_Summer_Olympics	link	18
other-search	Arcane_(TV_series)	external	1267216
The_Other_F_Word	Andrea_Blaugrund_Nevins	link	18
other-search	2020_United_States_elections	external	1266675
The_Other_Log_of_Phileas_Fogg	Parallel_novel	link	18
other-search	Vivek_Ramaswamy	external	1261425
The_Other_Queen	Mary,_Queen_of_Scots	link	18
other-empty	Raindrop_cake	external	1255291
The_Other_Side:_The_Secret_Relationship_Between_Nazism_and_Zionism	Comparisons_between_Israel_and_Nazi_Germany	other	18
other-empty	Biggest_ball_of_twine	external	1245500
The_Other_Side_(1927_album)	1927_(album)	link	18
other-search	Bluesky	external	1219779
The_Other_Side_(Grimm)	The_Adventures_of_Pinocchio	link	18
other-search	United_States_Electoral_College	external	1168203
The_Other_Side_of_Hope	Elina_Knihtilä	link	18
Main_Page	Deaths_in_2024	link	1113280
The_Other_Side_of_Life_(song)	The_Other_Side_of_Life	link	18
other-search	The_Penguin_(TV_series)	external	1112683
The_Other_Side_of_Make-Believe	Alan_Moulder	link	18
other-search	Miss_Universe_2024	external	1094807
The_Other_Side_of_the_Door_(2016_film)	Reincarnation	link	18
other-search	Linda_McMahon	external	1085041
The_Other_Two	Ian_Ziering	link	18
other-search	ChatGPT	external	1080448
The_Other_Two_&_You	Gillian_Gilbert	link	18
other-search	Melania_Trump	external	1060335
The_Other_Wise_Man	Medes	link	18
other-search	Gladiator_(2000_film)	external	1038390
The_Others_(TV_series)	Clive_Barker	link	18
other-empty	Wicked_(2024_film)	external	1025700
The_Othersiders	Ghost_Hunters_(TV_series)	link	18
other-search	The_Substance	external	1013093
The_Out-of-Towners_(1999_film)	Marc_Lawrence_(filmmaker)	link	18
other-search	Chappell_Roan	external	1011240
The_Outcast_(British_TV_series)	Greg_Wise	link	18
other-search	Lyle_and_Erik_Menendez	external	1003656
The_Outcast_(British_TV_series)	The_Outcast_(Jones_novel)	link	18
other-search	Martha_Stewart	external	1000215
The_Outcasts_(Belfast_band)	Good_Vibrations_(record_label)	link	18
other-search	Kemi_Badenoch	external	992257
The_Outcasts_(professional_wrestling)	Britt_Baker	link	18
other-search	Rodney_Alcala	external	984235
The_Outer_Limits_(1963_TV_series)	Alfred_Hitchcock_Presents	link	18
other-search	Lucky_Baskhar	external	978392
The_Outer_Limits_(1963_TV_series)	Anthology_series	link	18
other-search	YouTube	external	959651
The_Outer_Limits_(1995_TV_series)	Catch-22_(miniseries)	other	18
other-empty	Donald_Trump	external	952413
The_Outer_Worlds	Terraforming	link	18
other-empty	Red_One_(film)	external	951027
The_Outer_Worlds	Xbox_Game_Studios	link	18
other-search	Nick_Fuentes	external	938713
The_Outfield	Arena_rock	link	18
other-search	Heretic_(film)	external	914384
The_Outfit_(2022_film)	Main_Page	other	18
other-search	Deaths_in_2024	external	913876
The_Outlast_Trials	Multiplayer_video_game	link	18
other-empty	Limonene	external	909370
The_Outlaw_Josey_Wales	Union_army	link	18
other-search	Venom:_The_Last_Dance	external	889299
The_Outlaw_Stallion	Dorothy_Patrick	link	18
2012_United_States_presidential_election	2008_United_States_presidential_election	link	883255
The_Outlets_at_Orange	Virgin_Megastores	link	18
other-search	Dune:_Prophecy	external	880232
The_Outline_of_History	Censorship_in_Nazi_Germany	link	18
other-search	Karoline_Leavitt	external	874518
The_Outpost_(TV_series)	Philip_Brodie_(actor)	link	18
other-search	XXXX	external	873738
The_Outrage	Laurence_Harvey	link	18
2016_United_States_presidential_election	2012_United_States_presidential_election	link	837408
The_Outrage	Martin_Ritt	link	18
other-search	Red_states_and_blue_states	external	837001
The_Outrun_(film)	74th_Berlin_International_Film_Festival	link	18
other-search	Ruben_Amorim	external	831811
The_Outside_Man	Connie_Kreski	link	18
2008_United_States_presidential_election	2012_United_States_presidential_election	link	820082
The_Outsider_(Wilson_book)	The_Notebooks_of_Malte_Laurids_Brigge	link	18
other-search	Tom_Homan	external	818127
The_Outsider_(short_story)	The_Outsider_and_Others	link	18
other-search	Richard_Coles	external	796894
The_Outsiders_(Eric_Church_album)	The_Outsiders_(Eric_Church_song)	link	18
other-search	Killing_of_JonBenét_Ramsey	external	795715
The_Outsiders_(film)	The_Slab_Boys_Trilogy	link	18
other-search	XNXX	external	792900
The_Outsiders_(musical)	Tulsa_Performing_Arts_Center	link	18
other-search	Survivor_Series:_WarGames_(2024)	external	792768
The_Outward_Urge	Fix-up	link	18
other-search	Yellowstone_(American_TV_series)	external	792399
The_Outwaters	Cineverse	link	18
2012_United_States_presidential_election	2016_United_States_presidential_election	link	783730
The_Oval_(Belfast)	UEFA_Europa_League	link	18
other-search	Scott_Bessent	external	780047
The_Oval_(TV_series)	Political_drama	link	18
other-empty	2020_United_States_presidential_election	external	772831
The_Oval_(TV_series)	Sistas_(TV_series)	link	18
other-empty	International_Society_for_Krishna_Consciousness	external	769945
The_Oval_(TV_series)	Soap_opera	link	18
other-empty	Jake_Paul_vs._Mike_Tyson	external	744378
The_Oval_(TV_series)	White_House_Chief_of_Staff	link	18
other-search	Kash_Patel	external	740433
The_Over_and_Out_Tour	Electric_Light_Orchestra	link	18
other-search	Thanksgiving	external	735688
The_Overland	Nhill_railway_station	link	18
other-search	Jill_Stein	external	734427
The_Overland	Western_standard_gauge_railway_line	link	18
other-search	The_Day_of_the_Jackal_(TV_series)	external	729405
The_Overlook	The_Brass_Verdict	link	18
other-search	List_of_United_States_presidential_elections_by_popular_vote_margin	external	727058
The_Overstory	Hugh_Jackman	link	18
other-search	Red_One_(film)	external	721420
The_Overstory	William_Dean_Howells_Medal	link	18
other-search	Sabrina_Carpenter	external	711901
The_Overtones	Doo-wop	link	18
other-search	Viktor_Gyökeres	external	711763
The_Overtones	Tom_Ball_(singer)	link	18
other-search	Usha_Vance	external	710153
The_Overture_&_the_Underscore	Don't_U_Eva	link	18
other-empty	Elon_Musk	external	705679
The_Owl_House	Christian_Broadcasting_Network	link	18
other-empty	Wordle	external	701801
The_Owl_Service	Christopher_Dresser	link	18
other-search	Fascism	external	700670
The_Owl_and_the_Pussy_Cat_(Stravinsky)	The_Owl_and_the_Pussy-Cat	link	18
other-search	Joe_Rogan	external	694265
The_Owl_and_the_Pussycat_(film)	Diana_Sands	link	18
other-search	2008_United_States_presidential_election	external	693898
The_Ox-Bow_Incident	Willard_Robertson	link	18
other-search	President_of_the_United_States	external	689849
The_Oxford_Companion_to_Food	Zuppa_inglese	link	18
other-search	Voter_turnout_in_United_States_presidential_elections	external	688777
The_Oxford_Companion_to_Music	Oxford_University_Press	link	18
Donald_Trump	Melania_Trump	link	683311
The_Oz_Kids	Bradley_Pierce	link	18
other-search	From_(TV_series)	external	681097
The_Oz_Kids	Willard_Carroll	link	18
other-search	Liam_Payne	external	680593
The_Ozark_Mountain_Daredevils	White_Mansions	link	18
other-search	Mehmet_Oz	external	676662
The_Ozzman_Cometh	Black_Sabbath_(song)	link	18
other-empty	Alia_Bhatt	external	673467
The_Ozzman_Cometh	Taylor_Rhodes	link	18
other-empty	Mike_Tyson	external	673401
The_PJs	Warner_Bros._Television_Studios	link	18
other-search	The_Diplomat_(American_TV_series)	external	671522
The_PTA_Disbands	Steal_This_Book	link	18
other-search	XXX_(film_series)	external	669627
The_Pacific_(miniseries)	Mowbray_National_Park	link	18
other-search	Devara:_Part_1	external	667887
The_Pacifier	Annapolis,_Maryland	link	18
other-search	Song_Jae-rim	external	666917
The_Pacifier	Pacifier_(disambiguation)	link	18
2008_United_States_presidential_election	2004_United_States_presidential_election	link	665226
The_Pack_(1977_film)	Dogs_(1976_film)	link	18
other-search	Muhammad_Ali	external	659887
The_Package_(1989_film)	Deterrence_theory	link	18
2004_United_States_presidential_election	2000_United_States_presidential_election	link	654087
The_Package_(2013_film)	Jesse_V._Johnson	link	18
other-search	Cristiano_Ronaldo	external	653805
The_Package_(2018_film)	Red_Hour_Productions	link	18
other-search	Marco_Rubio	external	653731
The_Package_(Lost)	List_of_Lost_characters	link	18
other-search	Stipe_Miocic	external	652980
The_Pact_(novel)	Juliet_Stevenson	link	18
JD_Vance	Usha_Vance	link	648641
The_Pact_2	Patrick_Fischler	link	18
other-empty	ChatGPT	external	647990
The_Pagan_Religions_of_the_Ancient_British_Isles	The_Triumph_of_the_Moon	link	18
other-search	Tony_Todd	external	645486
The_Pagemaster	Bruce_W._Smith	link	18
other-empty	Moana_2	external	644818
The_Pagemaster	Treasure_Island	link	18
other-empty	YouTube	external	644603
The_Pagemaster_(video_game)	List_of_Acclaim_Entertainment_subsidiaries	link	18
other-search	Logan_Paul	external	642481
The_Pager	Avon_Barksdale	link	18
other-empty	Kamala_Harris	external	641407
The_Pager	List_of_The_Wire_episodes	link	18
other-search	Empress_Elisabeth_of_Austria	external	638481
The_Pager	The_Corner:_A_Year_in_the_Life_of_an_Inner-City_Neighborhood	link	18
other-search	Conor_McGregor	external	633350
The_Pains_of_Being_Pure_at_Heart_(album)	The_Pains_of_Being_Pure_at_Heart	link	18
other-empty	XXX_(2002_film)	external	632265
The_Painted_Bird	Zoophilia	link	18
other-search	Jonathan_Bailey	external	631230
The_Painted_Skin	Pu_Songling	link	18
other-search	Shaboozey	external	630562
The_Painted_Veil_(2006_film)	The_Illusionist_(2006_film)	link	18
other-search	Woman_of_the_Hour	external	622223
The_Painter_(2024_film)	Steven_Paul	link	18
other-search	Joe_Biden	external	611935
The_Painter_on_the_Road_to_Tarascon	Nazi_looting_of_artworks_by_Vincent_van_Gogh	link	18
other-search	Sarah_McBride	external	611749
The_Pajama_Game	Harry_Connick_Jr.	link	18
other-search	Moana_2	external	604285
The_Pajama_Game_(film)	Janis_Paige	link	18
other-search	Smile_2	external	593138
The_Palace_of_Auburn_Hills	National_Professional_Soccer_League_(1984–2001)	link	18
other-search	GNX_(album)	external	591242
The_Palazzo	Palazzo_(disambiguation)	link	18
other-search	Sean_Combs	external	588852
The_Pale	Main_Page	other	18
other-search	Tom_Aspinall	external	587305
The_Pale_Blue_Eye	Widow	link	18
other-search	Paul_Mescal	external	586610
The_Pale_Blue_Eye_(novel)	Christian_Bale	link	18
other-empty	Microsoft	external	585826
The_Pale_Criminal	Arthur_Nebe	link	18
other-empty	Wikipedia	external	585033
The_Pale_Emperor	Eat_Me,_Drink_Me	link	18
other-search	2012_United_States_presidential_election	external	584229
The_Pale_Horse	Sheila_Atim	link	18
2024_United_States_elections	2024_United_States_presidential_election	link	583925
The_Pale_King	Lev_Grossman	link	18
Jake_Paul	Logan_Paul	link	573578
The_Paleface_(1948_film)	Iris_Adrian	link	18
other-search	Bigg_Boss_(Tamil_TV_series)_season_8	external	572311
The_Palestinian	Julia_(1977_film)	link	18
other-search	WhatsApp	external	571872
The_Palisades_(Hudson_River)	Sill_(geology)	link	18
other-search	Deadpool_&_Wolverine	external	570539
The_Pallisers	Barbara_Murray	link	18
other-search	Elise_Stefanik	external	562199
The_Pallisers	Roger_Livesey	link	18
other-search	Charli_XCX	external	560492
The_Pallisers	The_Forsyte_Saga_(1967_TV_series)	link	18
other-empty	Neatsville,_Kentucky	external	556805
The_Palmer_House_Hilton	World's_Columbian_Exposition	link	18
other-search	Dandadan	external	556020
The_Pancakes	Roy_Tsui	link	18
other-search	Agatha_All_Along_(miniseries)	external	555662
The_Pandemic_Special	Pandemic_2:_The_Startling	link	18
other-search	Thomas_Cromwell	external	552958
The_Pandorica_Opens	Christopher_Ryan	link	18
other-search	Silo_(TV_series)	external	546404
The_Pandorica_Opens	Clive_Wood	link	18
other-search	The_Sabarmati_Report	external	542149
The_Panic_in_Needle_Park	Stanley_Kauffmann	link	18
other-empty	Null	external	541677
The_Papas_&_the_Mamas	Walls_and_Bridges	link	18
other-search	Kristi_Noem	external	540619
The_Paper_(film)	Jason_Robards	link	18
Main_Page	2024_United_States_presidential_election	other	539688
The_Paper_Bag_Princess	A_Bunch_of_Munsch	link	18
other-other	Trojan_War_(film)	external	536588
The_Paper_Chase_(film)	Harvard_Law_School	link	18
2004_United_States_presidential_election	2008_United_States_presidential_election	link	535766
The_Paper_Menagerie	Hugo_Award_for_Best_Short_Story	link	18
other-search	Cross_(American_TV_series)	external	530091
The_Paperboy_(2012_film)	Millennium_Media	link	18
other-search	Taylor_Swift	external	529555
The_Parachute_Club	Rebecca_Jenkins	link	18
1996_United_States_presidential_election	1992_United_States_presidential_election	link	527557
The_Paradine_Case	Under_Capricorn	link	18
other-search	XXX:_Return_of_Xander_Cage	external	526628
The_Paradise_Project	Pantheism	link	18
other-search	GK_Barry	external	526599
The_Paradox_of_Intermediate_Transactions	Fargo_season_5	link	18
other-search	Tulisa	external	524241
The_Paragons	Rocksteady	link	18
other-search	Bigg_Boss_(Hindi_TV_series)_season_18	external	520408
The_Parallel	Mirror,_Mirror_(Star_Trek:_The_Original_Series)	link	18
other-empty	Pete_Hegseth	external	519619
The_Paranoid_Style_in_American_Politics	Barry_Goldwater	link	18
other-search	Conclave_(film)	external	519362
The_Paranoid_Style_in_American_Politics	Radical_right_(United_States)	link	18
other-search	Bruno_Mars	external	516731
The_Pardoner's_Tale	Blasphemy	link	18
other-search	Anora_(film)	external	515868
The_Parent_Trap_(1961_film)	Walt_Disney_Studios_Motion_Pictures	link	18
Donald_Trump	Ivana_Trump	link	515456
The_Parent_Trap_(1998_film)	Freaky_Friday_(2003_film)	other	18
2000_United_States_presidential_election	1996_United_States_presidential_election	link	513302
The_Parent_Trap_(1998_film)	List_of_directorial_debuts	link	18
other-search	United_States_House_of_Representatives	external	510434
The_Paris_Sisters	Phil_Spector	link	18
other-search	The_Wizard_of_Oz	external	509208
The_Parisian_Macao	Eiffel_Tower	link	18
Donald_Trump	Family_of_Donald_Trump	link	507041
The_Parisian_Macao	The_Londoner_Macao	link	18
other-search	2024_MAMA_Awards	external	506244
The_Park_(residential_project)	Parel	link	18
2000_United_States_presidential_election	2004_United_States_presidential_election	link	502378
The_Park_Hotels	Boutique_hotel	link	18
other-search	Pushpa_2:_The_Rule	external	502158
The_Park_Hotels	Terence_Conran	link	18
other-search	United_States	external	501090
The_Park_School	W._Kamau_Bell	link	18
other-search	John_Thune	external	500585
The_Parlotones	The_Parlotones_discography	link	18
other-search	Swing_state	external	494317
The_Parnassus	Erato	link	18
other-search	Black_Friday_(shopping)	external	494296
The_Parole_Officer	Hypoglycemia	link	18
other-search	2024_United_States_House_of_Representatives_elections	external	493315
The_Parson_and_the_Outlaw	Anthony_Dexter	link	18
other-empty	World_War_II	external	492123
The_Parting_Glass	The_Moonshiner	other	18
other-search	Katie_Taylor	external	491562
The_Parting_of_the_Ways	Rose_Tyler	link	18
other-search	Vettaiyan	external	489853
The_Partisan_(film)	Piotr_Adamczyk	link	18
other-search	Crown_Jewel_(2024)	external	483180
The_Partridge_Family	Anthony_Geary	link	18
other-external	Main_Page	external	482994
The_Partridge_Family	At_Home_with_Their_Greatest_Hits	link	18
other-search	United_States_presidential_election	external	482680
The_Partridge_Family	Bernard_Fox_(actor)	link	18
other-search	Josh_Brolin	external	482211
The_Partridge_Family	Hammond_organ	link	18
other-search	Barack_Obama	external	482194
The_Party_Ain't_Over_Yet	Status_Quo_(band)	link	18
other-search	XXX	external	476473
The_Party_Never_Ends	Travis_Scott	other	18
other-search	List_of_states_and_territories_of_the_United_States	external	475425
The_Party_Never_Ends	Without_Me_(Halsey_song)	link	18
other-search	List_of_James_Bond_films	external	473908
The_Pasadenas	The_Jackson_Sisters	link	18
other-search	Taylor_Sheridan	external	473875
The_Passage_(TV_series)	Matt_Reeves	link	18
other-search	Diwali	external	473003
The_Passenger_(2023_film)	Swallowed_(film)	link	18
other-search	Alien:_Romulus	external	470758
The_Passenger_(Westworld)	Vanishing_Point_(Westworld)	link	18
other-empty	Jake_Paul	external	468377
The_Passenger_(opera)	Zofia_Posmysz	link	18
other-search	Roe_v._Wade	external	466548
The_Passenger_(song)	Berlin_S-Bahn	link	18
other-search	Jeffrey_Dahmer	external	465020
The_Passenger_(song)	Hansa_Tonstudio	link	18
other-empty	Tulsi_Gabbard	external	462792
The_Passenger_(song)	Scarface:_The_World_Is_Yours	link	18
Donald_Trump	Marla_Maples	link	461999
The_Passing_of_Shah_Jahan	Jahanara_Begum	link	18
other-empty	Deadpool_&_Wolverine	external	461888
The_Passing_of_Shah_Jahan	Shah_Jahan	link	18
other-internal	2024_United_States_presidential_election	external	461264
The_Passing_of_the_Great_Race	Mediterranean_race	link	18
other-empty	Gladiator_(2000_film)	external	458019
The_Passion:_New_Orleans	Trisha_Yearwood	link	18
1992_United_States_presidential_election	1988_United_States_presidential_election	link	456320
The_Passion_Translation	Genesis_1:1	link	18
other-empty	Liam_Payne	external	453543
The_Passion_Translation	Masoretic_Text	link	18
other-search	Johnny_Somali	external	452337
The_Passion_of_Joan_of_Arc	Marguerite_Beaugé	link	18
other-search	List_of_Hindi_films_of_2024	external	451378
The_Passion_of_Lovers	Mask_(Bauhaus_album)	link	18
other-empty	Matt_Gaetz	external	448657
The_Passion_of_Saint_Tibulus	Ted_Fest	link	18
Yellowstone_(American_TV_series)	List_of_Yellowstone_episodes	link	448136
The_Passion_of_the_Christ	Abraham_Foxman	link	18
other-search	Lioness_(American_TV_series)	external	446761
The_Passion_of_the_Christ	Gospel	link	18
other-search	Wicked_(Maguire_novel)	external	446649
The_Passion_of_the_Christ	Splatter_film	link	18
other-search	Zodiac_Killer	external	445872
The_Passion_of_the_Jew	Mad_Max_2	link	18
other-search	Roy_Cohn	external	444228
The_Password_Game	Main_Page	other	18
other-search	Family_of_Donald_Trump	external	444220
The_Password_Game	Password	link	18
other-empty	Venom:_The_Last_Dance	external	443408
The_Past_(2013_film)	Babak_Karimi	link	18
other-search	Wade_Wilson_(criminal)	external	442492
The_Paston_Treasure	Robert_Paston,_1st_Earl_of_Yarmouth	link	18
other-search	Bagheera_(2024_film)	external	438801
The_Pat_Sajak_Show	Fred_Wolf_(writer)	link	18
other-search	Citadel:_Honey_Bunny	external	437914
The_Pat_Sajak_Show	Paul_Rodriguez_(actor)	link	18
other-search	List_of_United_States_presidential_elections_by_Electoral_College_margin	external	437200
The_Pat_Sajak_Show	Rush_Limbaugh	link	18
other-search	John_F._Kennedy	external	435777
The_Pat_Sajak_Show	The_Late_Late_Show_with_Craig_Ferguson	link	18
other-search	Ronald_Reagan	external	433831
The_Path_(TV_series)	Paul_James_(actor)	link	18
other-search	Grover_Cleveland	external	431984
The_Path_(video_game)	Art_game	link	18
other-search	Disclaimer_(TV_series)	external	430327
The_Path_to_9/11	Tom_Burnett_(Flight_93_passenger)	link	18
other-search	Judy_Garland	external	430170
The_Pathless	Laura_Bailey	link	18
other-search	Keri_Russell	external	430121
The_Patient	Showrunner	link	18
other-search	2_Girls_1_Cup	external	428775
The_Patriarchy_(professional_wrestling)	Hook_(wrestler)	link	18
other-search	Kendrick_Lamar	external	428603
The_Patrick_School	Derrick_Gordon	link	18
other-search	Robert_F._Kennedy	external	427063
The_Patrick_Star_Show	Scooby-Doo!_Mystery_Incorporated	link	18
other-empty	Smile_2	external	424298
The_Patriot_(1928_film)	Lewis_Stone	link	18
other-search	Aaron_Hernandez	external	421775
The_Patriot_(1998_film)	Brad_Leland	link	18
other-search	Rivals_(TV_series)	external	420522
The_Patriot_(2000_film)	Post-traumatic_stress_disorder	link	18
1992_United_States_presidential_election	1996_United_States_presidential_election	link	418174
The_Patriot_Game	Brendan_Behan	link	18
other-empty	JD_Vance	external	417278
The_Patriot_Yue_Fei	Cheng_Pei-pei	link	18
other-search	Rosé_(singer)	external	417157
The_Patriot_Yue_Fei	Zhang_Xinyu	link	18
other-search	Thanksgiving_(United_States)	external	415327
The_Patsy_(1964_film)	Phil_Harris	link	18
other-search	Michael_Waltz	external	413371
The_Patsy_Cline_Story	Sentimentally_Yours	link	18
other-search	Bernie_Sanders	external	413142
The_Patty_Duke_Show	Charles_Herbert	link	18
other-search	2025_ICC_Champions_Trophy	external	412703
The_Paul_Butterfield_Blues_Band_(album)	Look_on_Yonder_Wall	link	18
other-search	Blue_wall_(United_States)	external	412631
The_Paul_Lynde_Halloween_Special	Biff_Manard	link	18
other-search	1984_United_States_presidential_election	external	412154
The_Paul_Lynde_Show	William_Asher	link	18
1984_United_States_presidential_election	1980_United_States_presidential_election	link	411819
The_Paul_McCartney_Collection	Flowers_in_the_Dirt	link	18
other-search	Amanda_Serrano	external	411765
The_Paul_O'Grady_Show	The_5_O'Clock_Show	link	18
other-search	Chuck_Woolery	external	409378
The_Pauly_D_Project	SallyAnn_Salsano	link	18
other-search	Stephen_Miller_(political_advisor)	external	408977
The_Pawnbroker_(film)	Nudity_in_film	link	18
other-search	Virat_Kohli	external	408285
The_Payback	Fred_Wesley	link	18
1988_United_States_presidential_election	1984_United_States_presidential_election	link	407969
The_Paz_Show	Charlotte_Bellamy	link	18
other-search	Daylight_saving_time	external	407429
The_Peace_Kids	Negation_of_the_Diaspora	link	18
other-empty	Mount_Takahe	external	407093
The_Peace_and_the_Panic	Neck_Deep	link	18
other-search	Ruud_van_Nistelrooy	external	405896
The_Peaceful_Pill_Handbook	Fiona_Stewart_(author)	link	18
Kamala_Harris	Shyamala_Gopalan	link	403932
The_Peacemaker_(1997_film)	Jason_Scott_Lee	link	18
other-search	Trap_(2024_film)	external	403188
The_Peacemaker_(1997_film)	Kiss_the_Girls_(1997_film)	link	18
other-search	Don't_Move_(2024_film)	external	399897
The_Peach_Tree	Ryu_Deok-hwan	link	18
other-search	Alexandria_Ocasio-Cortez	external	399710
The_Peanuts_Movie:_Snoopy's_Grand_Adventure	Little_Red-Haired_Girl	link	18
other-search	Nayanthara	external	398779
The_Peanuts_Movie_(Original_Motion_Picture_Soundtrack)	Vince_Guaraldi	link	18
other-search	Kelly_Reilly	external	396729
The_Pearl_(magazine)	Algernon_Charles_Swinburne	link	18
other-search	Susan_Smith	external	396717
The_Pearl_(magazine)	Fin_de_siècle	link	18
other-search	Peanut_(squirrel)	external	396250
The_Pearl_(novella)	José_Clemente_Orozco	link	18
other-empty	Heretic_(film)	external	395734
The_Pearl_(novella)	Main_Page	other	18
other-search	Jimmy_Carter	external	394128
The_Pearl_of_Death	Harry_Cording	link	18
other-search	Meiyazhagan	external	392064
The_Pearl_of_Death	Holmes_Herbert	link	18
other-search	Hailee_Steinfeld	external	391584
The_Peasants_(1973_film)	The_Peasants	link	18
2024_United_States_presidential_election	2028_United_States_presidential_election	link	391185
The_Peasants_(2023_film)	Józef_Chełmoński	link	18
other-empty	Instagram	external	390718
The_Pebble_and_the_Penguin	Surf's_Up_(film)	link	18
other-search	Jelly_Roll_(singer)	external	390382
The_Peel_Group	M63_motorway	link	18
other-search	Republican_Party_(United_States)	external	389637
The_Peel_Sessions_(The_Jesus_and_Mary_Chain_EP)	Sound_of_Speed	link	18
other-search	Interstellar_(film)	external	389607
The_Peel_Sessions_(Thin_Lizzy_album)	BBC_Radio_One_Live_in_Concert_(Thin_Lizzy_album)	link	18
other-search	Time_Cut	external	389541
The_Pelican_Brief	Supreme_Court_of_the_United_States_in_fiction	link	18
other-search	List_of_highest-grossing_Indian_films	external	389472
The_Pembrokeshire_Murders	Angela_Gallop	link	18
other-search	Russo-Ukrainian_War	external	389331
The_Pendragon_Cycle	Myrddin_Wyllt	link	18
other-search	2025_Indian_Premier_League	external	389251
The_Penguin_(TV_series)	Bad_Sisters	other	18
other-search	The_Lincoln_Lawyer_(TV_series)	external	387323
The_Penguin_(TV_series)	Deadwood_(TV_series)	link	18
other-search	OnlyFans	external	385425
The_Penguin_(TV_series)	Entertainment_Weekly	link	18
other-search	Barry_McGuigan	external	384908
The_Penguin_(TV_series)	Fallout_(American_TV_series)	other	18
other-search	1337x	external	384517
The_Penguin_(TV_series)	Jake_Paul_vs._Mike_Tyson	other	18
other-search	SS_Edmund_Fitzgerald	external	384396
The_Penguin_(TV_series)	Megalopolis_(film)	other	18
other-search	Dwayne_Johnson	external	384199
The_Penguin_(TV_series)	Mission:_Impossible_(film_series)	other	18
other-search	Lara_Trump	external	381988
The_Penguin_(TV_series)	Succession_(TV_series)	link	18
other-search	XXXX_(beer)	external	380621
The_Penguin_(TV_series)	The_Equalizer_(2021_TV_series)	other	18
other-search	Joker:_Folie_à_Deux	external	380368
The_Penguin_(TV_series)	The_Walking_Dead_(TV_series)	other	18
other-search	Billy_Bob_Thornton	external	379982
The_Penguin_(TV_series)	Watchmen_(TV_series)	link	18
other-search	When_the_Phone_Rings	external	379726
The_Penguin_(TV_series)	Yellowjackets_(TV_series)	other	18
other-search	Sex	external	379722
The_Penguin_Goes_Straight	Not_Yet,_He_Ain't	link	18
1996_United_States_presidential_election	2000_United_States_presidential_election	link	378679
The_Penguins	John_C._Fremont_High_School	link	18
other-search	Cher	external	378362
The_Penguins_of_Madagascar	Atticus_Shaffer	link	18
other-search	Ivana_Trump	external	377982
The_Penguins_of_Madagascar	Monterey_Bay_Aquarium	link	18
other-search	Do_Patti	external	377587
The_Penguins_of_Madagascar_(video_game)	The_Penguins_of_Madagascar	link	18
Donald_Trump	JD_Vance	link	373549
The_Peninsula_Beverly_Hills	Anna_Nicole_Smith	link	18
other-search	Zoe_Saldaña	external	372895
The_Peninsula_Hong_Kong	The_Peninsula_Manila	link	18
other-search	Pedro_Pascal	external	372751
The_Pennington_School	Kenneth_Yen	link	18
other-search	2026_United_States_Senate_elections	external	372491
The_Pennington_School	Nicole_Baxter	link	18
other-search	Dark_web	external	372105
The_Pensions_Advisory_Service	Money_and_Pensions_Service	link	18
other-search	UFC_309	external	371767
The_Pentagon	Geographic_coordinate_system	link	18
other-empty	Ariana_Grande	external	371735
The_Pentangle_(album)	Danny_Thompson	link	18
other-search	Lee_Zeldin	external	371105
The_Penthouse_(1967_film)	Tony_Beckley	link	18
other-search	Eddie_Redmayne	external	370058
The_Peony_Pavilion	Pavilion_of_Prince_Teng	link	18
other-search	Linkin_Park	external	367889
The_Peony_Pavilion	Peony_Pavilion_(film)	link	18
other-search	Rumeysa_Gelgi	external	366919
The_People's_Voice_(website)	Legitimacy_(family_law)	link	18
other-search	Landman_(TV_series)	external	366566
The_People_Next_Door_(1970_film)	Hal_Holbrook	link	18
Robert_F._Kennedy_Jr.	Robert_F._Kennedy	link	366515
The_People_Speak_(film)	Howard_Zinn	link	18
Kamala_Harris	Donald_J._Harris	link	365581
The_People_That_We_Love	Need_for_Speed:_Hot_Pursuit_2	link	18
other-search	Ilona_Maher	external	363435
The_People_Tree_Sessions	Milla_Jovovich	link	18
other-search	Maura_Higgins	external	363104
The_People_in_the_Trees	List_of_Nobel_laureates	link	18
other-search	Mia_Khalifa	external	361609
The_People_of_Monotheism	Unitarianism	link	18
other-search	Denzel_Washington	external	361363
The_People_v._O._J._Simpson:_American_Crime_Story	John_Singleton	link	18
other-search	Cristin_Milioti	external	360580
The_People_vs._Fritz_Bauer	Burghart_Klaußner	link	18
other-search	Kristin_Chenoweth	external	360489
The_People_vs._Larry_Flynt	Golden_Globe_Award_for_Best_Director	link	18
other-search	List_of_Marvel_Cinematic_Universe_films	external	359848
The_People_vs._Larry_Flynt	Jimmy_Carter	link	18
other-empty	Robert_F._Kennedy_Jr.	external	359381
The_People_vs._Larry_Flynt	Philippe_Rousselot	link	18
other-search	Lionel_Messi	external	358982
The_Perez_Family	Mariel_boatlift	link	18
1988_United_States_presidential_election	1992_United_States_presidential_election	link	357875
The_Perfect_Assistant	Chris_Potter_(actor)	link	18
other-search	Lindsay_Lohan	external	357511
The_Perfect_Couple_(TV_series)	The_Penguin_(TV_series)	other	18
other-search	Apt._(song)	external	357503
The_Perfect_Dictatorship	The_Perfect_Dictatorship:_China_in_the_21st_Century	link	18
other-search	Chase_Oliver	external	355634
The_Perfect_Dinner	Cristina_Bowerman	link	18
other-other	BBC_World_Service	external	355626
The_Perfect_Drug	Meat_Beat_Manifesto	link	18
2024_United_States_presidential_election	Donald_Trump	link	355493
The_Perfect_Family_(2011_film)	Kathleen_Turner	link	18
other-search	John_Ratcliffe_(American_politician)	external	355315
The_Perfect_Family_(2021_film)	Gonzalo_de_Castro	link	18
other-search	Vladimir_Putin	external	355173
The_Perfect_Holiday	Destination_Films	link	18
other-search	Ted_Danson	external	354612
The_Perfect_Husband:_The_Laci_Peterson_Story	G._W._Bailey	link	18
other-search	Guy_Fawkes_Night	external	353542
The_Perfect_Husband_(2003_film)	Neha_Dubey	link	18
1980_United_States_presidential_election	1976_United_States_presidential_election	link	353254
The_Perfect_Mate	Elaan_of_Troyius	link	18
other-search	Megan_Fox	external	352831
The_Perfect_Mother	Tuesday_Knight	link	18
other-search	List_of_ethnic_slurs	external	352698
The_Perfect_Mother	Tyne_Daly	link	18
other-search	World_War_I	external	352210
The_Perfect_Murder_(1988_film)	Imaad_Shah	link	18
other-search	World_Chess_Championship_2024	external	352199
The_Perfect_Murder_(1988_film)	Merchant_Ivory_Productions	link	18
other-internal	Hyphen-minus	external	350756
The_Perfect_Nanny_(film)	The_Night_Caller_(1998_film)	link	18
other-search	Rachel_Levine	external	350261
The_Perfect_Prescription	Sterling_Roswell	link	18
other-search	Lainey_Wilson	external	349890
The_Perfect_Score	Mark_Schwahn	link	18
other-search	Dancing_with_the_Stars_(American_TV_series)_season_33	external	349882
The_Perfect_Storm_(film)	Batman_&_Robin_(film)	link	18
other-empty	The_Substance	external	347210
The_Perfect_Stranger_(film)	David_Gregory_(author)	link	18
other-search	Megyn_Kelly	external	347021
The_Perfect_Weapon_(1991_film)	Ralph_Ahn	link	18
other-search	Veterans_Day	external	346700
The_Perfection	Fantastic_Fest	link	18
other-search	Gavin_Newsom	external	346694
The_Perfumed_Garden	Pederasty	link	18
Elon_Musk	Talulah_Riley	link	346579
The_Perils_of_Pauline_(1914_serial)	The_Perils_of_Pauline_(1933_serial)	link	18
other-search	White_House_Chief_of_Staff	external	344802
The_Perils_of_Pauline_(1914_serial)	The_Perils_of_Pauline_(1967_film)	link	18
other-search	Terrifier_3	external	344196
The_Perils_of_Pauline_(1933_serial)	The_Perils_of_Pauline_(1914_serial)	link	18
other-search	Snoop_Dogg	external	342323
The_Perils_of_Penelope_Pitstop	Touring_car	link	18
other-search	Franklin_D._Roosevelt	external	342040
The_Periodic_Table_(Basher_book)	Simon_Basher	link	18
other-search	Mouthwashing_(video_game)	external	341608
The_Peripheral	Garbage_patch	link	18
other-search	Dolours_Price	external	340579
The_Perks_of_Being_a_Wallflower	The_New_York_Times_Best_Seller_list	link	18
other-search	2004_United_States_presidential_election	external	339998
The_Perks_of_Being_a_Wallflower_(film)	Erik_Feig	link	18
other-search	The_Wild_Robot	external	339432
The_Perks_of_Being_a_Wallflower_(film)	Pittsburgh	link	18
other-search	Zach_Bryan	external	339283
The_Persian	Madame_Giry	link	18
other-search	Howard_Lutnick	external	338728
The_Persian	The_Phantom_of_the_Opera_(1925_film)	link	18
other-search	2024_Jharkhand_Legislative_Assembly_election	external	337950
The_Persians	Dionysia	link	18
other-search	Naughty_America	external	336701
The_Persistence_of_Vision_(collection)	The_Persistence_of_Vision_(novella)	link	18
other-search	Outer_Banks_(TV_series)	external	336472
The_Personal	Desjardins_Group	link	18
Woman_of_the_Hour	Rodney_Alcala	link	335580
The_Persuaders!	Anna_Thynn,_Marchioness_of_Bath	link	18
other-search	A._R._Rahman	external	334794
The_Persuaders!	Larry_Storch	link	18
other-search	Border–Gavaskar_Trophy	external	334097
The_Persuasions	Frank_Zappa	link	18
other-search	2000_United_States_presidential_election	external	333202
The_Persuasions	Papa-Oom-Mow-Mow	link	18
other-search	Smile_(2022_film)	external	332303
The_Pervert's_Guide_to_Cinema	Psychoanalytic_film_theory	link	18
other-search	Dean_McCullough	external	332132
The_Pervert's_Guide_to_Ideology	Rammstein	link	18
other-search	Elvis_Presley	external	331220
The_Peshawar_Lancers	Victorian_era	link	18
Susie_Wiles	Pat_Summerall	link	330908
The_Pet_Goat	Second_grade	link	18
other-search	Daniel_Jones_(American_football)	external	329495
The_Pet_Sounds_Sessions	Stars_and_Stripes_Vol._1	link	18
other-empty	The_Wild_Robot	external	328599
The_Peter_Serafinowicz_Show	E!_News	link	18
other-search	Margaret_Qualley	external	327792
The_Petersens	American_Idol	link	18
Wicked_(musical)	Wicked_(Maguire_novel)	link	326938
The_Petersens	Double_bass	link	18
other-search	Instagram	external	326656
The_Petersens	Jolene_(song)	link	18
other-search	Casualties_of_the_Russo-Ukrainian_War	external	326431
The_Petrified_Forest	Eddie_Acuff	link	18
other-search	Z-Library	external	326392
The_Phantom	Adventure_fiction	link	18
other-search	Wolf_Hall_(TV_series)	external	325920
The_Phantom_(1996_film)	Dead_Calm_(film)	link	18
other-search	Day_of_the_Dead	external	325180
The_Phantom_(1996_film)	Hearst_Communications	link	18
other-search	Saquon_Barkley	external	323834
The_Phantom_(1996_film)	Robert_Evans	link	18
other-search	ARM_(film)	external	323185
The_Phantom_Carriage	The_Cabinet_of_Dr._Caligari	link	18
other-search	Shalini_Passi	external	322970
The_Phantom_Carriage	The_Phantom_Carriage_(1939_film)	link	18
other-search	Andrew_Tate	external	322632
The_Phantom_Carriage	The_Seventh_Seal	link	18
other-search	John_Mulaney	external	322240
The_Phantom_Light	Gordon_Harker	link	18
other-other	If_I_Could_Turn_Back_Time	external	320953
The_Phantom_Tollbooth	Children's_fantasy	link	18
other-search	A_Man_on_the_Inside	external	320832
The_Phantom_Tollbooth	Endpaper	link	18
Elon_Musk	Grimes	link	320457
The_Phantom_Tomorrow	Andy_Biersack	link	18
other-search	Woke	external	319671
The_Phantom_of_Manhattan	Madame_Giry	link	18
other-search	How_to_Train_Your_Dragon_(2025_film)	external	319520
The_Phantom_of_the_Opera_(1925_film)	André_Castaigne	link	18
other-search	Cobra_Kai_season_6	external	318677
The_Phantom_of_the_Opera_(1925_film)	The_Phantom_of_the_Opera_(2004_film)	link	18
other-search	Family_of_Kamala_Harris	external	318636
The_Phantom_of_the_Opera_(1986_musical)	Marcus_Lovett	link	18
other-external	Sex_worker	external	318551
The_Phantom_of_the_Opera_(1986_musical)	Rebecca_Lock	link	18
other-search	Michael_Jackson	external	318503
The_Phantom_of_the_Opera_(1986_musical)	Sharon_Millerchip	link	18
other-empty	Terrifier_3	external	318021
The_Phantom_of_the_Opera_(2004_film)	Masquerade_ball	link	18
Melania_Trump	Family_of_Donald_Trump	link	316839
The_Phantom_of_the_Opera_(2004_film)	The_Motorcycle_Diaries_(film)	link	18
other-empty	4B_movement	external	314893
The_Phantom_of_the_Opera_(miniseries)	The_Phantom_of_the_Opera	link	18
other-search	Vivian_Dsena	external	314404
The_Phantom_of_the_Opera_(song)	Century_Child	link	18
Kamala_Harris	Doug_Emhoff	link	313488
The_Phantom_of_the_Opera_(song)	Christine_Daaé	link	18
other-search	Bruce_Willis	external	312681
The_Phantom_of_the_Opera_(song)	Tarja_Turunen	link	18
1976_United_States_presidential_election	1972_United_States_presidential_election	link	312402
The_Pharaohs	Maurice_White	link	18
other-search	Wiki	external	312232
The_Pharcyde	Stolen_Moments:_Red_Hot_+_Cool	link	18
other-empty	Cynthia_Erivo	external	312153
The_Phenomenology_of_Spirit	Power-knowledge	link	18
other-search	Eminem	external	312062
The_Phenomenon_(2020_film)	Jacques_Vallée	link	18
other-search	Kishkindha_Kaandam	external	311242
The_Phenomenon_(2020_film)	Ufology	link	18
other-search	Donald_Trump_Jr.	external	311196
The_Phil_Collins_Big_Band	Plays_Well_with_Others_(Phil_Collins_album)	link	18
other-search	Tim_Walz	external	310874
The_Phil_Silvers_Show	Julie_Newmar	link	18
other-search	List_of_Yellowstone_episodes	external	310429
The_Phil_Silvers_Show	The_Manchurian_Candidate	link	18
other-search	Taylor_Harwood-Bellis	external	310098
The_Philadelphia_Experiment_(film)	Glenn_Morshower	link	18
other-search	Wedding_anniversary	external	308100
The_Philadelphia_Inquirer	Inga_Saffron	link	18
other-search	Aldis_Hodge	external	308074
The_Philadelphia_Inquirer	James_Neff	link	18
1980_United_States_presidential_election	1984_United_States_presidential_election	link	307875
The_Philip_Lynott_Album	Midge_Ure	link	18
other-search	Maharashtra_Legislative_Assembly	external	307208
The_Philippine_Star	People_Power_Revolution	link	18
other-search	XXXTentacion	external	307177
The_Philosopher's_Stone_(novel)	Colin_Wilson	link	18
other-search	Juice_Wrld	external	307098
The_Philosophers'_Football_Match	Empedocles	link	18
other-search	The_Eras_Tour	external	306288
The_Philosophers'_Football_Match	Friedrich_Nietzsche	link	18
other-search	Idina_Menzel	external	306246
The_Philosophers'_Football_Match	Terry_Jones	link	18
other-search	UEFA_Nations_League	external	306136
The_Philosophy_of_Furniture	Nazi_Literature_in_the_Americas	link	18
other-search	Bill_Clinton	external	305804
The_Philosophy_of_Momus	Momus_(musician)	link	18
other-search	Nancy_Pelosi	external	305630
The_Phoenician_Women	Hypsipyle_(play)	link	18
other-search	BRICS	external	304875
The_Phoenix_(comics)	Jamie_Smart	link	18
Donald_Trump	Donald_Trump_Jr.	link	304626
The_Phoenix_(comics)	Neill_Cameron	link	18
1984_United_States_presidential_election	1988_United_States_presidential_election	link	304448
The_Phoenix_and_the_Carpet_(1997_serial)	David_Suchet	link	18
other-search	Remembrance_Day	external	304289
The_Phoenix_and_the_Turtle	Parlement_of_Foules	link	18
other-search	Transformers_One	external	303959
The_Phoenix_on_the_Sword	The_Coming_of_Conan_the_Cimmerian	link	18
other-empty	Windows_10_version_history	external	303632
The_Photographer	Philip_Glass	link	18
other-empty	Facebook	external	303281
The_Physics_of_Star_Trek	Lawrence_Krauss	link	18
other-empty	Martha_Stewart	external	303133
The_Pianist_(2002_film)	Polskie_Radio	link	18
other-search	Wicked_Part_Two	external	302973
The_Piano_Lesson	Main_Page	other	18
other-search	Adolf_Hitler	external	302194
The_Piano_Lesson_(1995_film)	Stephen_James_Taylor	link	18
other-search	January_6_United_States_Capitol_attack	external	301811
The_Piano_Lesson_(2024_film)	Palm_Springs_International_Film_Festival	link	18
other-empty	Wicked_(musical)	external	301451
The_Piano_Lesson_(2024_film)	Small_Things_like_These_(film)	other	18
From_(TV_series)	List_of_From_episodes	link	301146
The_Piazza_Tales	Herman_Melville	link	18
other-search	Hugh_Grant	external	300983
The_Pickwick_Papers	William_Lamb,_2nd_Viscount_Melbourne	link	18
Donald_Trump	Joe_Biden	link	300691
The_Pickwick_Papers_(disambiguation)	The_Pickwick_Papers_(1952_film)	link	18
other-search	The_Day_of_the_Jackal_(film)	external	300604
The_Pictish_Trail	Eigg	link	18
other-search	Rosie_Perez	external	299991
The_Picture_Bible	The_Action_Bible	link	18
other-search	Josh_Allen	external	299689
The_Picture_of_Dorian_Gray	Confession_(religion)	link	18
other-search	Black_(2024_film)	external	299481
The_Picture_of_Dorian_Gray_(1945_film)	Anita_Sharp-Bolster	link	18
other-search	Pornhub	external	299025
The_Picture_of_Dorian_Gray_(1945_film)	Art_of_ancient_Egypt	link	18
other-search	My_Old_Ass	external	298931
The_Picture_of_the_Last_Man_to_Die	Battle_of_Berlin	link	18
other-search	List_of_countries_by_GDP_(nominal)	external	298694
The_Pied_Piper_(1933_film)	Pre-Code_Hollywood	link	18
Ariana_Grande	Ethan_Slater	link	297703
The_Pied_Piper_of_Hamelin_(1957_film)	Claude_Rains	link	18
other-search	2024_Formula_One_World_Championship	external	297065
The_Pied_Pipers	Pied_Piper_(disambiguation)	link	18
other-search	Sivakarthikeyan	external	296884
The_Pierces	Love_You_More_(EP)	link	18
other-search	List_of_country_calling_codes	external	296529
The_Pietasters_(album)	Oolooloo	link	18
2024_United_States_presidential_election	2024_United_States_presidential_election_in_California	link	295943
The_Pig,_the_Snake_and_the_Pigeon	Monga_(film)	link	18
other-search	Deion_Sanders	external	295317
The_Pigeon_Finds_a_Hot_Dog!	Don't_Let_the_Pigeon_Drive_the_Bus!	link	18
other-empty	Tulisa	external	294700
The_Pilgrim's_Progress	Beulah_(land)	link	18
other-search	Theo_Von	external	294243
The_Pilgrim's_Progress	John_Rhys-Davies	link	18
other-search	Danny_Amendola	external	293945
The_Pilgrim's_Progress	Term_Catalogue	link	18
other-empty	United_States	external	293886
The_Pilgrim_(Marty_Stuart_album)	Country_Music_(Marty_Stuart_album)	link	18
other-search	Kai_Cenat	external	293788
The_Pill_Versus_the_Springhill_Mine_Disaster	Richard_Brautigan	link	18
other-search	World_War_II	external	293328
The_Pillage	Bulworth_(soundtrack)	link	18
other-search	Kelsey_Asbille	external	292953
The_Pillage	Tekitha	link	18
2024_United_States_presidential_election	JD_Vance	link	292846
The_Pillars_of_the_Earth	Gloucester	link	18
other-search	Sylvester_Stallone	external	292785
The_Pillars_of_the_Earth	Prior_(ecclesiastical)	link	18
other-search	Facebook	external	292014
The_Pillars_of_the_Earth_(miniseries)	Miniseries	link	18
other-search	Gracie_Abrams	external	292001
The_Pillow_Book	Hōjōki	link	18
other-empty	Snapchat	external	291933
The_Pillowcase	Under_the_Covers,_Vol._2	link	18
other-search	LeBron_James	external	291101
The_Pillows	Horn_Again	link	18
other-empty	WhatsApp	external	290907
The_Pillows_discography	Wake_Up!_Wake_Up!_Wake_Up!	link	18
other-search	Sean_Duffy	external	290833
The_Pilot_(Doctor_Who)	Doctor_Who	link	18
other-search	Ed_Gein	external	290654
The_Pinball_Arcade	FunHouse_(pinball)	link	18
other-search	ATACMS	external	290583
The_Pinballs	Kristy_McNichol	link	18
other-search	Patrick_Mahomes	external	290575
The_Pink_Opaque	Elizabeth_Fraser	link	18
other-search	2025_Canadian_federal_election	external	290372
The_Pink_Panther	Dyan_Cannon	link	18
other-other	Liam_Payne	external	289518
The_Pink_Panther	Saturday-morning_cartoon	link	18
other-search	Donald_Trump_sexual_misconduct_allegations	external	289383
The_Pink_Panther	Walter_Mirisch	link	18
Elon_Musk	Justine_Musk	link	288867
The_Pink_Panther_(1963_film)	Rocca_di_Papa	other	18
other-search	Liz_Cheney	external	288861
The_Pink_Panther_(1963_film)	The_Pink_Panther_Strikes_Again	link	18
other-search	Charlie_Kirk	external	288700
The_Pink_Panther_(2006_film)	Jonathan_Brown_(cinematographer)	link	18
other-empty	Project_2025	external	288590
The_Pink_Panther_(TV_series)	Friz_Freleng	link	18
other-search	Lacey_Chabert	external	288347
The_Pink_Panther_Show	NBC	link	18
1972_United_States_presidential_election	1968_United_States_presidential_election	link	288101
The_Pink_Panther_Strikes_Again	Gordon_Rollings	link	18
other-empty	The_Day_of_the_Jackal_(TV_series)	external	287663
The_Pink_Panther_Theme	Gene_Cipriano	link	18
other-search	DuckDuckGo	external	286806
The_Pink_Panther_Theme	The_Life_and_Death_of_Peter_Sellers	link	18
other-search	Guy_Fawkes	external	286286
The_Pink_Panthers	Pink_Panthers	link	18
other-search	Prichard_Colón	external	286268
The_Pink_Phantom	Elton_John	link	18
other-external	Microsoft_Office	external	286148
The_Pinkprint	Boi-1da	link	18
other-search	Google	external	285874
The_Pinkprint	The_Blueprint	link	18
other-search	No_Nut_November	external	285724
The_Pinkprint	Un-Thinkable_(I'm_Ready)	link	18
other-search	Nancy_Mace	external	285321
The_Pinkprint_Tour	Moses_Mabhida_Stadium	link	18
other-search	Generation_Z	external	285250
The_Pips_discography	Save_the_Overtime_(For_Me)	link	18
other-search	Dan_Campbell	external	284968
The_Pips_discography	The_Way_We_Were_(song)	link	18
other-search	Ted_Bundy	external	284963
The_Pirate_(1948_film)	Reginald_Owen	link	18
other-search	Apocalypse_Z:_The_Beginning_of_the_End	external	284901
The_Pirate_Bay	Bredbandsbolaget	link	18
other-search	Timothy_West	external	284552
The_Pirate_Bay	Eric_Schmidt	link	18
other-search	Rashida_Jones	external	284182
The_Pirate_Bay_raid	The_Pirate_Bay_trial	link	18
other-empty	2016_United_States_presidential_election	external	283593
The_Pirate_Bay_trial	Legal_aspects_of_file_sharing	link	18
other-search	George_W._Bush	external	283468
The_Pirate_Fairy	Prana_Studios	link	18
other-search	Napoleon	external	283054
The_Pirate_Movie	Major-General's_Song	link	18
other-search	Māori_people	external	282738
The_Pirate_Movie	Martin_Copping	link	18
Wicked_(2024_film)	Cynthia_Erivo	link	282655
The_Pirates!_In_an_Adventure_with_Scientists	Samuel_Wilberforce	link	18
other-search	Aubrey_Plaza	external	282420
The_Pirates_of_Penzance	Puck_(magazine)	link	18
other-search	Sai_Pallavi	external	282352
The_Pizza_Company	Yum!_Brands	link	18
other-empty	The_Penguin_(TV_series)	external	282222
The_Place_Without_Limits	Hell_Has_No_Limits	link	18
other-search	Hana-Rawhiti_Maipi-Clarke	external	282133
The_Plague_Court_Murders	The_White_Priory_Murders	link	18
other-search	2026_FIFA_World_Cup	external	282124
The_Plague_Dogs_(film)	Incineration	link	18
other-search	Nepal_Premier_League	external	282046
The_Plague_Dogs_(film)	John_Bennett_(actor)	link	18
other-search	Haka	external	281852
The_Plague_Dogs_(film)	Smooth_Talk	other	18
Mike_Tyson	Robin_Givens	link	281716
The_Plague_Dogs_(novel)	Martin_Rosen_(director)	link	18
other-search	Rohit_Bal	external	281246
The_Plague_Within	Nick_Holmes	link	18
other-search	Tyler,_the_Creator	external	280321
The_Plains,_Virginia	Great_Meadow	link	18
other-search	Jim_Harbaugh	external	279455
The_Plan_(2014_film)	Kang_Ji-sub	link	18
other-search	India	external	279234
The_Plane_Makers	Alan_Dobie	link	18
other-search	Mohamed_Salah	external	279093
The_Plane_Train	Bombardier_Transportation	link	18
other-search	S.T.A.L.K.E.R._2:_Heart_of_Chornobyl	external	278718
The_Plane_Train	NATO_phonetic_alphabet	link	18
other-search	Alina_Habba	external	277845
The_Planet_Earth_Rock_and_Roll_Orchestra	Graham_Nash_David_Crosby	link	18
other-search	Mikey_Madison	external	277569
The_Planets	Eighth_note	link	18
other-empty	Yellowstone_(American_TV_series)	external	277264
The_Planets	Polytonality	link	18
other-search	Sutton_Foster	external	276414
The_Plank_(1967_film)	Ian_Wilson_(actor)	link	18
other-search	Ivanka_Trump	external	275929
The_Plank_(1967_film)	John_Junkin	link	18
other-search	Hawk_tuah	external	274989
The_Plank_(1967_film)	Ronnie_Brody	link	18
Donald_Trump	Ivanka_Trump	link	274682
The_Plank_(1979_film)	Ann_Sidney	link	18
other-search	Selena_Gomez	external	274560
The_Plantagenets:_The_Kings_Who_Made_England	Henry_II_of_England	link	18
other-empty	Melania_Trump	external	274418
The_Plastics	Plastics_(band)	link	18
other-search	Abraham_Lincoln	external	274034
The_Plateaus	Annie_Murphy	link	18
other-search	Mar-a-Lago	external	273975